,tcc,clang-default,clang-O2,gcc-default,gcc-O2,gcc-O3,gcc-Os
0,128011726.03362584,143623477.9484752,118802204.49469244,121633992.37626995,114542133.83290784,92811277.1778438,63885335.19415955
1,58380885.201321326,93580928.41328302,60620529.5350563,63455973.856503464,115980472.33860841,56680161.9199132,61617986.550964974
2,114013910.28953888,135216009.46589226,105439558.28247805,134411226.48127496,86158835.54861654,81742603.68147375,100170293.09226681
3,107362196.53630927,99001805.8525718,53526942.18573575,108806541.88819382,42185828.85489448,29688429.902461335,66442316.44163437
4,109917428.68589304,292268262.12547517,241615475.71821013,394302875.65576375,430665963.60578555,155195727.33557126,263933778.5143784
5,271285198.4785663,100411344.82251082,133855570.55786952,213061166.37777993,74220166.31597604,103777768.99441423,50752231.57541078