,tcc,clang-default,clang-O2,gcc-default,gcc-O2,gcc-O3,gcc-Os
0,47324696.39858465,25168971.96079054,35888330.01192718,12387854.555094985,42187413.62875234,34848872.32151628,9710267.840106068
1,15501009.819762805,25780419.44510403,22761218.484778814,15527636.030416664,16797216.20865504,19656699.290309075,22668513.378774382
2,27937368.36316053,33197673.30394393,35792676.13153844,31860395.939926285,18480966.031288777,33801963.003082804,28611225.581347536
3,34236883.24346689,31010082.227445465,15705984.014670828,25027102.25400067,16467688.86692756,9093798.52372371,19760127.01113475
4,11449707.492843485,21078088.200548694,9496708.63912827,17170395.002763484,12553983.798419153,16632896.802689467,13923679.213824432
5,17347122.037890207,10307061.91326854,12319642.155355835,14302249.675363343,17462079.84665858,10386045.452247541,7753813.859443219