,tcc,clang-default,clang-O2,gcc-default,gcc-O2,gcc-O3,gcc-Os
0,0.3696903234173524,0.1752427410915358,0.30208471437523293,0.10184533380088065,0.3683134949301245,0.37548101245002063,0.15199525541495146
1,0.26551515562514927,0.27548796407799603,0.37547046618284996,0.24469935747153096,0.14482796862229594,0.34680033762223905,0.36788792765932044
2,0.24503473560562433,0.2455158485676056,0.33946155232980024,0.23703671764623624,0.21449879067667513,0.41351708265617343,0.2856258547131708
3,0.31889141940094506,0.3132274402511811,0.2934220296046777,0.23001468312188192,0.39036068068191926,0.30630782946759283,0.297402740744189
4,0.10416644229881768,0.07211897743279273,0.03930505118059588,0.04354620790986487,0.02915016476646984,0.10717367731860981,0.052754442012680494
5,0.0639442259849675,0.10264838033478703,0.09203682823218559,0.06712743536756927,0.2352740597793545,0.10007967556911504,0.15277779161143143