,tcc,clang-default,clang-O2,gcc-default,gcc-O2,gcc-O3,gcc-Os
0,1358.5204994772805,1203.7808552639472,1025.722812215854,1527.7730819725816,1225.8902071556001,966.7064135506706,1443.3440650101418
1,923.4057937873251,663.8795749230427,288.2830380025852,725.1466817134309,460.1414211957016,319.6897871374686,454.4928904834486
2,296.347751805206,330.0749308869124,153.36573932922568,355.2327230140827,131.01816667928156,268.34112618083725,182.75201777271846
3,178.61071496413646,257.567486302134,99.52259793634809,185.33399580217332,82.07429561074527,72.9952738196111,117.19363250620744
4,88.47953153130955,93.46197087585945,41.665663321252914,88.75498577544813,69.74774189893175,49.07124921988435,101.7743951099686
5,106.3101476812068,73.79762868819024,54.060406028811876,100.67684689142783,88.42051515344163,71.27852060754348,87.9519613198023