,tcc,clang-default,clang-O2,gcc-default,gcc-O2,gcc-O3,gcc-Os
0,1.97194177144605,1.6356639709499181,1.5460638051741722,1.7354264215052704,1.5084131828112963,1.4794740671382396,1.213560141478529
1,2.033570593880346,1.661217820936794,1.5697282108461803,1.7870903269007763,1.5369788323427425,1.5107585688706335,1.2336851511784097
2,2.0700990523688856,1.6647362542977069,1.5669661386627796,1.814714032689506,1.5356895008194384,1.5055721212811208,1.2430430563454566
3,2.074543068534216,1.638309062096318,1.5376260888522788,1.817701126034971,1.5157768377441683,1.4890704018610583,1.2335557658923975
4,1.6773728086049506,1.3084776669466744,1.2716804506339707,1.466265788369036,1.2602557182631895,1.2093928571120172,1.0191629054926314
5,1.705421644527888,1.3136115632287095,1.2622485265772718,1.4793184517470448,1.2538679217386306,1.224628260727509,1.023664414484732