,tcc,clang-default,clang-O2,gcc-default,gcc-O2,gcc-O3,gcc-Os
0,46004447.27871918,59360935.26144949,29040874.77249364,32327351.955494564,39701124.4817739,58823038.408772856,11787040.09333732
1,34928701.81478425,32952324.695575558,43852948.83645376,37929039.56776019,38321138.881661445,60835231.76019135,48366588.038480006
2,61634609.33793804,47131527.355317414,57005071.66965817,67615208.63022795,67976413.48772669,129346803.68433334,61582029.13093376
3,204708210.87496918,157507402.88651735,130023904.50573699,142694627.59217346,144746910.25093022,131353467.62180094,144773287.57859838
4,152543783.63691503,142509830.7737404,179977910.27737114,124179635.96428782,125403741.32254829,237208673.69780374,225071291.05399358
5,137004738.85771215,184929985.73421443,187437562.0232862,182271600.6844051,104952095.07205664,189858653.40136036,126258513.28093776