,tcc,clang-default,clang-O2,gcc-default,gcc-O2,gcc-O3,gcc-Os
0,0.024640439818767578,0.011446546824291344,0.013996063050622612,0.009731476896918953,0.011471588876151188,0.006207024197352035,0.030356436213763306
1,0.16106553652835157,0.1226714495161413,0.13570275030770348,0.19747687229553676,0.1500688008317227,0.06751167823737271,0.17574032963950842
2,0.21366638817230463,0.24063141216107856,0.22426284280833064,0.22886812731042297,0.2127306665482895,0.11302306957677492,0.1898400882974121
3,0.10894075990458324,0.14473136436630485,0.18593562116552728,0.18738653631721716,0.1568385812476785,0.17709581217539735,0.1908816085695911
4,0.08941859954723637,0.0976868044086685,0.10635179291973651,0.1362617889680049,0.1368266603288394,0.09360442131940185,0.10449699269407614
5,0.20225313257972352,0.11603224510581726,0.20177140396237325,0.15496996641140126,0.31953622798339293,0.18234770947434162,0.2769430956629311