,tcc,clang-default,clang-O2,gcc-default,gcc-O2,gcc-O3,gcc-Os
0,1133569.814566946,679477.7250039087,406457.9143610566,314592.8786934631,455434.97797581105,365116.02276502125,357812.53074246505
1,5625810.098037032,4042309.4353327933,5950965.76620978,7490108.10301494,5750807.358476836,4107088.5920900353,8499960.12542078
2,13169244.36364822,11341325.984818533,12784119.427130172,15474966.176903822,14460667.750806235,14619172.792347854,11690737.84775027
3,22301068.051426813,22796261.31755892,24176075.45064141,26739052.01557259,22701900.043740947,23262149.030537598,27634558.01091086
4,13640251.502449572,13921329.965106826,19140973.443945892,16920939.349889457,17158575.117905956,22203780.633425735,23519273.05691545
5,27709637.612239253,21457841.43212766,37819540.04472287,28246623.8358146,33535996.578279417,34620290.57162098,34966423.52182221