,tcc,clang-default,clang-O2,gcc-default,gcc-O2,gcc-O3,gcc-Os
0,1.2771385194452691,1.1738907246881105,0.9944883262430083,1.1479990742475148,1.0593688215725312,1.003628983300908,0.8779973810406894
1,1.3052391625054223,1.1730493119848173,1.0176385702695399,1.1686425302339518,1.0450711668626371,1.0006881988176706,0.8775884537799994
2,1.3187526561298293,1.1491146701857327,1.0062077356574994,1.1678761696216657,1.0188731404530398,0.9685328650076629,0.8616442292664652
3,1.1889259182310048,0.9761053313738506,0.8507622022189454,1.005217279583291,0.8339226151833907,0.805050024915376,0.7018573824866366
4,1.201442360866511,0.9618025759727167,0.8543685192723208,1.0222637419985132,0.8270271439974717,0.7998588076106155,0.6953076614660626
5,1.178642484302193,0.9322042920109771,0.8373158622997999,1.0142067283575749,0.8087328166306903,0.792074361504868,0.6858985448928121