,tcc,clang-default,clang-O2,gcc-default,gcc-O2,gcc-O3,gcc-Os
0,93731556.5622785,38871934.51038969,32397235.57037403,46292487.861673996,44145338.43958123,77207036.3045624,24081505.993628345
1,52124400.71321065,42309779.248674646,70731030.32971388,64882503.93295641,63314762.83343311,65909960.986782424,52311908.41850092
2,576630454.6058295,510328712.77513474,474308431.3878821,409781105.74400395,237438252.30251834,377696157.27787125,278306608.8364202
3,446105126.1764244,465062111.83550614,192419585.01544812,242559490.4871209,143477764.05439314,162090476.74265033,205447298.980927
4,457119012.3035272,597415297.2849293,877829949.3966591,299441187.3626953,412385057.8053755,210150756.341854,454410144.24345005
5,4065425267.1425734,5631452978.290751,2849001555.310717,4199346970.055217,2270871794.9906964,2741766051.869998,3515891297.7615905