,tcc,clang-default,clang-O2,gcc-default,gcc-O2,gcc-O3,gcc-Os
0,348.4103040956166,10.253170241442401,8.766270586743259,12.192108103195276,10.771606194064097,18.729922583929707,10.104454463255301
1,6.993568473962343,8.070161088850707,6.702797923255633,6.994819511610005,4.6701177715342475,5.76541412215983,7.056025793603649
2,9.881295461628502,12.162544963945663,9.813765841918176,15.931415505221123,9.431860898041277,6.909956584523525,13.69114677446707
3,22.287384323872555,27.620463428407568,25.953564302422894,23.808559385229508,32.936453968209754,28.89545812061127,27.35594085386207
4,NaN,NaN,NaN,NaN,NaN,32.52456763740296,NaN
5,NaN,NaN,NaN,NaN,NaN,NaN,NaN