,tcc,clang-default,clang-O2,gcc-default,gcc-O2,gcc-O3,gcc-Os
0,1.275859201694449,1.1717534366233393,0.9977096388135507,1.146857476348281,1.0552000226627212,1.0045225056122813,0.8784348063713155
1,1.2835116515181948,1.1631579456341616,0.9978203278231097,1.15201266228579,1.038649635644888,0.9964602090584853,0.8669191283262297
2,1.2963881723587898,1.1550137276967571,0.9840937432806788,1.15040508131657,1.0283648407525756,0.9772609242771765,0.8589276933085023
3,1.3155193868715347,1.1494555276480374,0.9851463595337717,1.1605806607437366,1.0277821736406927,0.9812913471142624,0.8606021264721
4,1.3289258342832717,1.0830580424675622,0.9210016540617773,1.1087859726567864,0.9655478183298084,0.9090427509743882,0.8061799138839734
5,1.2049665638739417,0.9872536621764062,0.8487104252386616,1.0213519452291726,0.8562927986445426,0.8248447021352217,0.7076342480488084