,tcc,clang-default,clang-O2,gcc-default,gcc-O2,gcc-O3,gcc-Os
0,108411276.354241,100941854.55332598,119819061.70562224,143248783.30509076,65456335.75897302,70456913.1068154,63026798.38653362
1,79961532.02072951,46679044.55447096,65005617.15987203,141703221.0039887,108795613.68795693,56965729.61315403,92670782.81020622
2,207097617.9038373,294500041.40096766,184170375.85080692,259277947.75653645,263593386.68178988,292125942.19549274,75541414.37040378
3,207761135.21837327,157387768.82528725,163740722.100757,195328825.47585058,144044037.91866297,159251437.39520675,111642668.98645616
4,244936434.32362753,355725593.7813762,473239989.0459838,279038585.62018615,505966839.42857546,312766429.8314389,466374463.947087
5,401634911.2085788,274789003.3991543,463537029.52268887,202910780.84528372,413627886.4857659,320655320.6616996,365070706.3910025