,tcc,clang-default,clang-O2,gcc-default,gcc-O2,gcc-O3,gcc-Os
0,32109307.13379371,35311493.7095694,45497470.03686911,42414720.06241724,3088905.952539758,3777629.7096934025,2579633.1717583505
1,25808590.712694816,7936610.5141021935,13804692.988750083,33713080.87507313,30176084.255685903,15991148.050744457,27534337.81169063
2,11308453.150946014,14266343.730934815,4040881.1252026996,13596569.60992541,5016850.267598208,1846891.6608364175,1756005.5736888223
3,30381223.685445033,23193222.921719156,22151301.701007828,25504439.10263365,18019260.097194053,22913271.90990157,14125459.919826481
4,92094578.45477156,114006629.58323985,150766924.55187067,105417363.6382003,138509656.83088592,80859268.40236329,138476740.04374567
5,96145095.7377701,68093726.7195163,111016171.44630712,44322576.078434534,107532720.06494616,90203077.29570824,90776536.41486469