,tcc,clang-default,clang-O2,gcc-default,gcc-O2,gcc-O3,gcc-Os
0,0.2961805101240062,0.34982014017698576,0.37971812989697484,0.29609131110092934,0.047190327975490415,0.05361616828098004,0.04092914820038706
1,0.32276258421367043,0.17002512776029,0.2123615403081154,0.23791329961458083,0.27736489765327943,0.2807152328134479,0.29711994413689313
2,0.05460445786584048,0.0484425865037856,0.021940994074292078,0.05244013124746216,0.019032534657838565,0.006322244600927858,0.023245600950474184
3,0.14623150597204804,0.14736356639927622,0.13528278986932243,0.1305718141728492,0.12509549411110615,0.14388109950328917,0.12652384655494128
4,0.3759937908342767,0.32049037678550246,0.3185844984397989,0.37778776510030526,0.2737524399569639,0.2585292431989624,0.2969217887098053
5,0.2393843091190835,0.24780368165098804,0.2394979567449491,0.2184338155606912,0.2599745413167317,0.2813085312589434,0.2486546710697738