,tcc,clang-default,clang-O2,gcc-default,gcc-O2,gcc-O3,gcc-Os
0,1483.2477026781467,1331.8402531835413,1087.7043198866133,992.9311859338492,1100.1812339337553,1197.1120196122,779.5185613569442
1,314.20782931047404,41.93435345870972,137.1995900139647,279.34995972793695,156.4736000097141,47.253148043278564,51.77634595063657
2,79.20252521226833,136.72266637247827,74.93523870649909,112.5404816055094,45.15539834837026,56.32361849171269,64.07751165580636
3,223.01333480310097,188.58246869738448,117.34874306953611,192.7271646654929,140.9927214433426,137.55522527334247,57.67692346164105
4,208.37775793015913,283.41319658759716,218.58460032673847,352.3124004346143,214.96060104121406,171.50746339445408,301.7482228613782
5,268.43330642824486,211.55776988803794,313.135130574645,306.5887962727927,190.77541770364442,219.0708275877918,240.78494554269795