,tcc,clang-default,clang-O2,gcc-default,gcc-O2,gcc-O3,gcc-Os
0,1.953129340076696,1.6205124169208864,1.5279137472114546,1.7186744318812466,1.4904424103349312,1.4607087972519759,1.1972844320620935
1,2.030493250783475,1.6395508338855806,1.5579135768729626,1.770823600898517,1.5045398032970179,1.4745299874801414,1.2164550694463891
2,1.3226355747081682,1.0091442339834757,1.1069278158709248,1.0873566001288935,1.0724498334222168,1.0485599579982863,0.9146951503014404
3,1.4294463289170367,1.1305371070781138,1.2116432427182748,1.1660253503100284,1.1592211777416712,1.131393073241915,0.9501097826135706
4,1.4011989797509057,1.0462172969953762,1.147415181872462,1.1756916565502862,1.1164379275409704,1.1272357598303646,0.9362784651189985
5,1.0985366609470089,0.8916321065514369,0.8867409088606107,0.9249153145505375,0.8665143904048906,0.8341044728301549,0.7451322328247972