,tcc,clang-default,clang-O2,gcc-default,gcc-O2,gcc-O3,gcc-Os
0,809368.2709461296,1059669.420210256,672626.2069851278,682408.0466503364,1143671.9511717905,469412.1482904975,2687419.1988226227
1,694331.3486575609,1290846.9362263782,807122.9067117659,955077.5942471691,818638.1327077596,1255278.3410235466,620331.2832553646
2,3722274.9937775135,4092539.7848373335,1524272.200886622,2564952.0547076897,2000021.6675876158,2679406.209347613,2852960.345549783
3,22530156.637904413,18524021.29620687,40167649.58230419,36026263.08170131,35560594.0122169,39568117.0553359,30143631.964405872
4,439713741.03033304,899935552.7879827,1797052894.9834619,405766348.51736444,548721966.0368118,66209258.072488286,531864165.1052733
5,6233571582.889224,5613857983.040971,2836692133.233242,5021107185.313548,2748427274.321436,2510955334.1816893,2829935453.46693