,tcc,clang-default,clang-O2,gcc-default,gcc-O2,gcc-O3,gcc-Os
0,0.0086349603125214,0.027260526998650593,0.020761839556465655,0.014741226453186774,0.02590696983186702,0.006079914095378357,0.11159680792113578
1,0.01332065863889321,0.030509422624009883,0.011411157209916907,0.014720109988881718,0.012929656466713969,0.0190453509944465,0.011858318727213072
2,0.006455217486426328,0.008019419018346755,0.0032136730026628936,0.006259322401043184,0.008423333848664801,0.007094078554197131,0.010251141205298013
3,0.05050414199677735,0.0398312845204618,0.20875031810862385,0.14852547310909767,0.24784742253674724,0.2441113003705817,0.14672196769646653
4,0.9619239830225285,1.5063818366853274,2.047153775305335,1.3550786119007865,1.3306058394962028,0.3150560065783686,1.1704495857828545
5,1.5333135338312478,0.9968755851611282,0.9956793908888784,1.1956876202700455,1.2102960987864557,0.9158167716275842,0.8048984492975145