,tcc,clang-default,clang-O2,gcc-default,gcc-O2,gcc-O3,gcc-Os
0,299.322313735545,15.788840996095946,6.469930447848723,10.203430795570673,10.217142457654196,14.8509258970611,5.491812087098393
1,5.472430904086409,4.663421490708298,7.203471385380801,7.774799032772488,5.4735728733616025,9.771898484941397,4.208325082500163
2,11.991142564409781,7.269112738154499,10.186265262597473,7.695940488335393,7.56620776875708,10.19448380252772,5.835023564648217
3,14.553693689232297,17.062458791159028,11.083659143080864,11.608079083121375,9.356281312572854,11.934299309134158,9.313833797099884
4,7.222188034107113,7.95550124127952,9.45238065251289,12.240404405084009,8.38018496215925,12.8666234887013,11.359577456930342
5,30.06426450123136,19.553772014626745,29.7292364516817,21.321585306913747,15.051245795614394,18.625520126965583,23.21050408758931